标题,播放量,点赞数,收藏数,弹幕数,投币数,评论数,分享数,分区,UP主,视频时长(秒),发布时间,发布日期,发布小时,分区大类,标题长度,是否周末,发布时段
寻找卢本伟,3390465.0,350882.0,110466.0,41622.62000000002,227144.0,15590.0,94078.83000000013,预告·资讯,STN工作室,1974.0,2026-07-16 11:00:00,2026-07-16,11,知识/资讯,5,工作日,早间(6-11)
魔怔萌二和暴躁粗鲁女的相亲历险记,2318869.0,123038.0,11264.0,4032.0,4059.0,3331.0,10797.0,搞笑,陈嘉伦整个路人,248.0,2026-07-15 21:59:00,2026-07-15,21,娱乐,16,工作日,晚间(18-23)
《阴阳师》不相狐禅CG丨洪狐天运（CV：立花慎之介）,743984.0,28801.0,13885.0,991.0,15654.0,1868.0,4685.0,手机游戏,网易阴阳师手游,216.0,2026-07-16 15:45:00,2026-07-16,15,游戏,26,工作日,午间(12-17)
【独家】《将夜》第14集 努力读书【4月国创】,639577.0,9310.0,1146.0,1782.0,9039.0,342.0,80.0,国产动画,哔哩哔哩国创,1250.0,2026-07-16 11:00:00,2026-07-16,11,动画/二次元,23,工作日,早间(6-11)
路边摊吃盒饭 吃成摊主,4159035.0,407802.0,47918.0,3451.0,220670.0,6989.0,8269.0,运动综合,马李澳到处钓,443.0,2026-07-15 11:30:00,2026-07-15,11,知识/资讯,11,工作日,早间(6-11)
我把你们奇怪的想法都做到了我的世界里#14,1577951.0,145402.0,34111.0,3303.0,10251.0,1973.0,7630.0,单机游戏,老丹Daniel,534.0,2026-07-15 22:12:00,2026-07-15,22,游戏,21,工作日,晚间(18-23)
《崩坏：星穹铁道》EP：「下一站」,905237.0,141291.0,59885.0,11433.0,104765.0,14862.0,15468.0,手机游戏,崩坏星穹铁道,232.0,2026-07-16 12:00:00,2026-07-16,12,游戏,17,工作日,午间(12-17)
【TF家族练习生】《全世界陪我出发》练习室版,197856.0,19318.0,6970.0,34736.0,2474.0,1833.0,2076.0,明星综合,TF家族,194.0,2026-07-16 20:00:00,2026-07-16,20,娱乐,22,工作日,晚间(18-23)
小倩回来了——22年后，在《天下》里,1317180.0,8832.0,2113.0,485.0,1503.0,1519.0,655.0,影视剪辑,天下3官方,139.0,2026-07-16 10:00:00,2026-07-16,10,知识/资讯,18,工作日,早间(6-11)
足坛真神TOP：凯恩！离开世界杯！他是这个时代最全面的中锋！,714000.0,18823.0,6315.0,1663.0,6406.0,2997.0,2337.0,足球,足球故事-李治霖,1869.0,2026-07-16 09:20:00,2026-07-16,9,知识/资讯,30,工作日,早间(6-11)
耗时9999小时！一口气看完熊出没末路大合集！,3597994.0,282352.0,307343.4700000001,14847.0,62151.0,3720.0,10136.0,综合,等到雪花开,5479.0,2026-07-14 08:33:00,2026-07-14,8,其他,23,工作日,早间(6-11)
郝 哥 连 线 勇 哥,6070219.0,363353.0,63371.0,4655.0,66396.0,9423.0,47793.0,鬼畜剧场,新世纪咖啡战士v,251.0,2026-07-15 08:58:00,2026-07-15,8,动画/二次元,11,工作日,早间(6-11)
《洛克王国：世界》远哥来了，福利稳了！,2242615.0,77785.0,6440.0,765.0,3325.0,1804.0,5017.0,网络游戏,洛克王国世界,201.0,2026-07-16 09:45:00,2026-07-16,9,游戏,19,工作日,早间(6-11)
《兄弟有个妹妹》3,2766815.0,214075.0,14968.0,659.0,1712.0,1142.0,2022.0,搞笑,韩波格_,88.0,2026-07-15 18:07:00,2026-07-15,18,娱乐,9,工作日,晚间(18-23)
原摄玩家镜头下，你未曾见过的桑多涅......,805622.0,134267.0,24810.0,690.0,10808.0,779.0,3115.0,手机游戏,小白不留行,161.0,2026-07-15 23:10:00,2026-07-15,23,游戏,23,工作日,晚间(18-23)
The Verity Cast Plays The REAL Verity Mod,847864.0,110991.0,41241.0,25858.0,35262.0,12240.0,3448.0,单机游戏,ThatMobTeam,1169.0,2026-07-16 01:37:00,2026-07-16,1,游戏,41,工作日,凌晨(0-5)
摊牌吧，你家里有矿！,416947.0,22211.0,4080.0,1131.0,3806.0,626.0,515.0,科学科普,星球研究所,649.0,2026-07-16 11:03:00,2026-07-16,11,知识/资讯,10,工作日,早间(6-11)
我宁愿在这个世界里，永远做一个你“尚未到来”的传说,3048161.0,232990.0,47760.0,4173.0,5912.0,9960.0,2800.0,综合,魔女日奈,136.0,2026-07-14 20:11:00,2026-07-14,20,其他,25,工作日,晚间(18-23)
百万英镑，但是过于嚣张,628635.0,59674.0,16147.0,788.0,2642.0,1473.0,6177.0,影视剪辑,梨柚皮,159.0,2026-07-15 17:03:00,2026-07-15,17,知识/资讯,11,工作日,午间(12-17)
矿石战争重制版一口气看完大合集,5357315.0,105334.0,90240.0,11408.0,15933.0,3142.0,9501.0,手机游戏,汤圆MC,2198.0,2026-07-12 15:46:00,2026-07-12,15,游戏,15,周末,午间(12-17)
哭着剪完这条视频…,4399911.0,376121.0,128881.0,3079.0,259626.62000000008,9565.0,3380.0,网络游戏,陈玉sama,512.0,2026-07-13 23:46:00,2026-07-13,23,游戏,9,工作日,晚间(18-23)
吃肉容易早衰，喝米油不哭不闹？,946356.0,62823.0,3268.0,930.0,7102.0,2337.0,318.0,亲子,一个被老婆磨平的90后,163.0,2026-07-15 20:50:00,2026-07-15,20,生活,15,工作日,晚间(18-23)
世 纪 辐 射【上】,218559.0,15914.0,7297.0,3928.0,15046.0,919.0,2655.0,日常,食贫道,7070.650000000004,2026-07-16 18:00:00,2026-07-16,18,生活,10,工作日,晚间(18-23)
⚡️来个耄耋叫一叫⚡️～,1249967.0,120361.0,30575.0,293.0,6704.0,4745.0,27969.0,汪星人,酸奶煎个蛋,55.0,2026-07-15 19:17:00,2026-07-15,19,其他,12,工作日,晚间(18-23)
特厨探店|小区和菜市场中间？很难不好吃的—老兵私房菜,701565.0,62868.0,5400.0,1180.0,4048.0,1734.0,2725.0,美食侦探,特厨隋坡,331.0,2026-07-16 11:34:00,2026-07-16,11,生活,26,工作日,早间(6-11)
【幼稚园TV】建材王哥大闹天宫,2165281.0,202324.0,19097.0,3432.0,6011.0,3277.0,9547.0,小剧场,大乾乾是顾乾宇,181.0,2026-07-15 17:07:00,2026-07-15,17,动画/二次元,15,工作日,午间(12-17)
【终末地】1.4最好抄毕业基建！气体自动平衡，爆仓自动处理！,183365.0,10482.0,7957.0,262.0,6903.0,1654.0,1902.0,单机游戏,MR流星飞,703.0,2026-07-16 18:07:00,2026-07-16,18,游戏,30,工作日,晚间(18-23)
cos金克丝把音响藏在1.5m鲨鱼炮里让路人看管，然后大声放迪迪都兜？！,288025.0,37213.0,1940.0,66.52,1266.0,56.33,47.75,日常,林带鱼w,137.0,2026-07-15 18:00:00,2026-07-15,18,生活,36,工作日,晚间(18-23)
软烂脱骨嫩到离谱的美式烤肉,1015612.0,88226.0,15912.0,919.0,1931.0,2952.0,5571.0,美食记录,铁蛋儿Tyler,257.0,2026-07-15 16:00:00,2026-07-15,16,生活,13,工作日,午间(12-17)
这下真的能住了哈,4648328.0,250284.0,21778.0,3426.0,4714.0,8493.0,6926.0,家居房产,小熊猫租房,77.0,2026-07-12 16:43:00,2026-07-12,16,生活,8,周末,午间(12-17)
如何正确安慰兄弟,453707.0,77908.0,50439.0,352.0,7455.0,1781.0,11600.0,搞笑,cheems小电影,69.0,2026-07-15 17:14:00,2026-07-15,17,娱乐,8,工作日,午间(12-17)
破冰挑战！3小时摆摊PK，赚得多的获胜！！,1902160.0,100285.0,10159.0,3310.0,11847.0,913.0,707.0,日常,雨哥到处跑,1517.0,2026-07-15 18:46:00,2026-07-15,18,生活,21,工作日,晚间(18-23)
疑似女地偶被老普夺舍？,258768.0,67080.0,11820.0,325.0,6518.0,913.0,1098.0,综合,渡眸也,47.0,2026-07-16 11:21:00,2026-07-16,11,其他,11,工作日,早间(6-11)
“新人看不懂鬼畜区的遗憾”,147682.0,36292.0,10910.0,860.0,5842.0,1120.0,850.0,人力VOCALOID,惜缘、过去,115.0,2026-07-16 11:30:00,2026-07-16,11,娱乐,13,工作日,早间(6-11)
当二次元摄影第一次尝试拍星空…,572384.0,102583.0,16053.0,136.0,1484.0,1278.0,2197.0,日常,葉月Hatsuki,30.28,2026-07-15 17:31:00,2026-07-15,17,生活,15,工作日,午间(12-17)
回 旋 彪,2679875.0,134608.0,35653.0,4843.0,90891.0,4091.0,15976.0,影视剪辑,_青红造了个白_,945.0,2026-07-14 12:11:00,2026-07-14,12,知识/资讯,5,工作日,午间(12-17)
这都能还原！！？【MC姬子篇】,1004800.0,120002.0,47735.0,1157.0,36648.0,669.0,1668.0,单机游戏,FoFTG,163.0,2026-07-15 11:50:00,2026-07-15,11,游戏,15,工作日,早间(6-11)
不要眨眼！黄色的蜂蜜倒进碗里，竟然变绿了？？,519190.0,57008.0,7123.0,1996.0,10552.0,2035.0,683.0,科学科普,毕的二阶导,224.0,2026-07-16 11:00:00,2026-07-16,11,知识/资讯,22,工作日,早间(6-11)
搞强拆能惹多大祸？【奇葩小国53】,1989517.0,156218.0,38573.0,14606.0,61732.0,6112.0,3837.0,人文历史,小约翰可汗,2337.0,2026-07-15 11:00:00,2026-07-15,11,知识/资讯,17,工作日,早间(6-11)
如何正确安慰兄弟,6288383.0,477155.0100000002,307343.4700000001,2803.0,112376.0,21340.190000000017,94078.83000000013,搞笑,cheems小电影,66.0,2026-07-13 17:04:00,2026-07-13,17,娱乐,8,工作日,午间(12-17)
胜负已分,973054.0,98156.0,45781.0,430.0,4394.0,1000.0,3863.0,影视剪辑,Qinalove,223.0,2026-07-15 09:47:00,2026-07-15,9,知识/资讯,4,工作日,早间(6-11)
《 漫 展 绷 住 挑 战 😂 》,72417.86,8755.0,3072.0,73.0,1091.0,62.0,8725.0,仿妆cos,流萤Zz,225.0,2026-07-16 17:28:00,2026-07-16,17,生活,17,工作日,午间(12-17)
友邦惊诧：日本高级护士在吊针里放屎致人死亡,275462.0,21241.0,3068.0,2069.0,1062.0,2526.0,5149.0,社科·法律·心理,波士顿圆脸,920.0,2026-07-16 18:02:00,2026-07-16,18,知识/资讯,21,工作日,晚间(18-23)
万万没想到,1869462.0,137023.0,10445.0,163.0,903.0,1519.0,4717.0,娱乐粉丝创作,阿水想得金马奖_,30.28,2026-07-14 12:14:00,2026-07-14,12,娱乐,5,工作日,午间(12-17)
"""自古英雄出少年.""",3127214.0,286516.0,64453.0,3697.0,17793.0,7824.0,1980.0,音乐综合,我爱吃派大星,309.0,2026-07-14 08:20:00,2026-07-14,8,其他,10,工作日,早间(6-11)
每个寝室都有偷摸吃东西的！,272729.0,26604.0,3289.0,1411.0,1405.0,1161.0,242.0,日常,脱缰凯Kk,190.0,2026-07-16 17:14:00,2026-07-16,17,生活,13,工作日,午间(12-17)
09年高中生带全家勇闯北京,2267617.0,129964.0,89817.0,1351.0,60170.0,716.0,644.0,亲子,不叫睡神,356.0,2026-07-14 17:39:00,2026-07-14,17,生活,13,工作日,午间(12-17)
人有五名，粉毛有三，流萤你不是其中之一,841498.0,102404.0,36363.0,1094.0,4552.0,1466.0,3397.0,搞笑,Syoyo-,85.0,2026-07-15 17:30:00,2026-07-15,17,娱乐,19,工作日,午间(12-17)
在 BW 一决高下！,206811.0,15837.0,1740.0,66.52,1198.0,161.0,47.75,日常,小草莓林杉杉,197.0,2026-07-16 16:56:00,2026-07-16,16,生活,10,工作日,午间(12-17)
【翻唱】《Angel》加长版,550041.0,110430.0,19493.0,187.0,13059.0,656.0,1867.0,翻唱,Yaki_朴朴,98.0,2026-07-11 19:54:00,2026-07-11,19,娱乐,14,周末,晚间(18-23)
【散人】国产民俗恐怖《纸嫁衣9》罗浮梦（P1.迎送）,341161.0,30385.0,8620.0,3641.0,10350.0,2018.0,1927.0,单机游戏,逍遥散人,1965.0,2026-07-16 12:30:00,2026-07-16,12,游戏,26,工作日,午间(12-17)
带小猎豹自律的一天,2420479.0,258557.0,20002.0,1551.0,8934.0,2897.0,2123.0,健身,花小龙oy,213.0,2026-07-14 13:53:00,2026-07-14,13,生活,9,工作日,午间(12-17)
我这视频看完没啥感觉，但是暖暖的！,2115569.0,219375.0,15234.0,3217.0,104535.0,4413.0,2320.0,亲子,爱画画的子衿,338.0,2026-07-14 17:49:00,2026-07-14,17,生活,17,工作日,午间(12-17)
属于我们的开拓之旅,706745.0,115540.0,31167.0,265.0,15269.0,1704.0,3675.0,MMD·3D,清水煮油条,105.0,2026-07-15 11:00:00,2026-07-15,11,动画/二次元,9,工作日,早间(6-11)
鬼畜全明星！3.0,1232288.0,70750.0,9914.0,291.0,2375.0,966.0,2469.0,鬼畜剧场,浪浪山小蛋仔,67.0,2026-07-14 23:19:00,2026-07-14,23,动画/二次元,9,工作日,晚间(18-23)
《梦战：剑之海》概念先导CG首曝丨一个新的兰古利萨时代，即将开启,1295043.0,27277.0,27473.0,858.0,56297.0,1062.0,9012.0,手机游戏,梦战剑之海,218.0,2026-07-16 10:00:00,2026-07-16,10,游戏,32,工作日,早间(6-11)
他们说学校里有一个很装的人,283966.0,38785.0,7315.0,199.0,1226.0,961.0,2551.0,同人·手书,hands2,67.0,2026-07-16 15:00:00,2026-07-16,15,动画/二次元,13,工作日,午间(12-17)
烧一桌中式家常菜，款待十年没见的法国老友！,1809546.0,145254.0,9819.0,2467.0,4972.0,4028.0,1271.0,美食制作,主厨广坦,234.0,2026-07-14 17:13:00,2026-07-14,17,生活,21,工作日,午间(12-17)
我前男友嗑药死了，我朋友也嗑药死了，如今我终于醒悟，摆脱药物做了一个正常人,632302.0,9622.0,5463.0,956.0,1541.0,430.0,3486.0,出行,摩的司机徐师傅,3024.0,2026-07-16 08:00:00,2026-07-16,8,生活,37,工作日,早间(6-11)
这才是《The Other Side Of Paradise》原版MV！,6634006.760000001,477155.0100000002,280786.0,14115.0,113127.0,4140.0,15890.0,MV,妙手回春杨某人,321.0,2026-07-10 10:00:00,2026-07-10,10,动画/二次元,36,工作日,早间(6-11)
打工人怨气最大的一集,2489242.0,262153.0,77340.0,6956.0,11734.0,7284.0,42987.0,鬼畜剧场,绿化锂,62.0,2026-07-15 08:57:00,2026-07-15,8,动画/二次元,10,工作日,早间(6-11)
逆天小游戏2327,3014648.0,219357.0,19544.0,1313.0,3126.0,1028.0,1082.0,单机游戏,小白云玩游戏,90.0,2026-07-14 18:00:00,2026-07-14,18,游戏,9,工作日,晚间(18-23)
全员发癫，爆笑不断，当全剧没一个正常人时，那这部剧就正常了！,474820.0,11672.0,5773.0,2280.0,2544.0,411.0,484.0,影视杂谈,东倾电影,3127.0,2026-07-15 18:00:00,2026-07-15,18,知识/资讯,30,工作日,晚间(18-23)
当所有MC玩家被锁链捆在一起？！,184365.0,25926.0,5079.0,2534.0,7636.0,832.0,140.0,单机游戏,小橙子姐姐解说,1341.0,2026-07-16 17:05:00,2026-07-16,17,游戏,16,工作日,午间(12-17)
日服堵桥被全图围剿！鲁鲁正义の制裁,3239194.0,162302.0,49645.0,6239.0,8491.0,3850.0,2260.0,网络游戏,凉意呐,475.0,2026-07-14 18:25:00,2026-07-14,18,游戏,17,工作日,晚间(18-23)
大学女生酒店前台兼职！#淘宝闪购悦享1对1急送#淘宝闪购赫你悦享亮牌,1229786.0,71876.0,3297.0,182.0,681.77,535.0,157.0,亲子,周小闹是周小闹,98.0,2026-07-15 17:38:00,2026-07-15,17,生活,34,工作日,午间(12-17)
探访草原深处，我们拍到了……,209792.0,24043.0,5330.0,1367.0,5740.0,906.0,1063.0,出行,影视飓风,712.0,2026-07-16 17:10:00,2026-07-16,17,生活,14,工作日,午间(12-17)
如果你可以随时缩小，十二星座决定你的专属休息小屋 （上） ASMR,2267589.0,71086.0,7690.0,1648.0,1921.0,733.0,1074.0,手工,Aismr_,132.0,2026-07-14 15:51:00,2026-07-14,15,生活,33,工作日,午间(12-17)
侠隐柱间&水门PV丨英雄见英雄，侠路再相逢【内含侠隐水门爆料】,1467050.0,79322.0,9774.0,27588.0,3439.0,7067.0,17995.0,手机游戏,火影忍者手游情报君,282.0,2026-07-16 11:00:00,2026-07-16,11,游戏,31,工作日,早间(6-11)
【B站独家】看力竭了，阿根廷2:1逆转绝杀英格兰，又死一个,229645.0,7619.74,1079.58,4843.0,749.0,1719.0,480.0,日常,汉青书半霍去病,472.0,2026-07-16 15:13:00,2026-07-16,15,生活,29,工作日,午间(12-17)
《深空之眼》5.2版本PV「源·世界」丨往事如星，爱意永明,275294.0,15663.0,4143.0,5020.0,9409.0,6278.0,2703.0,手机游戏,深空之眼手游,478.0,2026-07-16 11:30:00,2026-07-16,11,游戏,29,工作日,早间(6-11)
你的睡眠，甚至不如早期古猿，生物主权是如何被现代文明异化的,426260.0,21878.0,4448.0,240.0,1995.0,308.0,215.0,科学科普,心河摆渡,687.0,2026-07-15 18:01:00,2026-07-15,18,知识/资讯,29,工作日,晚间(18-23)
都说日系SUV最省油？结果…,72417.86,11035.0,2798.0,372.0,3038.0,56.33,628.0,汽车生活,叫父Superfast,682.0,2026-07-16 17:35:00,2026-07-16,17,生活,14,工作日,午间(12-17)
大学生暑假现状《夏天的傍晚》,463307.0,63974.0,8589.0,257.0,6578.0,873.0,991.0,搞笑,恶的Y不二,113.0,2026-07-15 21:05:00,2026-07-15,21,娱乐,14,工作日,晚间(18-23)
探秘美国最老钱餐厅！世界杯期间，纽约有多贵？,1744597.0,98207.0,17251.0,2579.0,16796.0,800.0,647.0,美食侦探,Meetfood觅食,634.0,2026-07-15 11:00:00,2026-07-15,11,生活,22,工作日,早间(6-11)
我的头皮，绷不住了！,649238.0,37407.0,5828.0,1327.0,4459.0,245.0,1255.0,日常,张恩恩NNN,252.0,2026-07-15 17:36:00,2026-07-15,17,生活,10,工作日,午间(12-17)
恐怖奶奶1.8版本世界最难挑战超越dlrowtiup创造新的世界纪录13min07s!!!!!,198215.0,41722.0,6882.0,1957.0,4227.0,898.0,233.0,单机游戏,Deatqwq,864.0,2026-07-15 09:56:00,2026-07-15,9,游戏,47,工作日,早间(6-11)
上海日式拉面挑战，超油腻！20分钟吃完奖金500元！能吃饱吗？,2076832.0,91288.0,7918.0,6228.0,8896.0,4652.0,6221.0,美食记录,橙飞一下,783.0,2026-07-14 17:00:00,2026-07-14,17,生活,31,工作日,午间(12-17)
陈翔六点半：突然大方的兄弟,2312436.0,80456.0,7338.0,1380.0,7423.0,1666.0,2301.0,小剧场,陈翔六点半,318.0,2026-07-14 18:38:00,2026-07-14,18,动画/二次元,13,工作日,晚间(18-23)
你被困家中20天，在家长回来前好好活着！,202382.0,21482.0,5404.0,2900.0,4632.0,861.0,213.0,单机游戏,与山0v0,2972.0,2026-07-16 13:39:00,2026-07-16,13,游戏,20,工作日,午间(12-17)
直播间飙升10万+！大司马玩怀旧服老版AP塞恩，瞪谁谁怀孕来了,1131463.0,17168.0,2198.0,1680.0,2818.0,3155.0,5738.0,电子竞技,艺术家阿克曼,462.0,2026-07-15 17:43:00,2026-07-15,17,游戏,31,工作日,午间(12-17)
《最失败の高情商》,4371038.0,347225.0,18641.0,2354.0,10119.0,7725.0,17669.0,搞笑,伤心欲茄222,101.0,2026-07-14 12:00:00,2026-07-14,12,娱乐,9,工作日,午间(12-17)
【SINOS DE NATAL】|“【对视の小曲】”,1512283.0,236899.0,100455.0,9262.0,11188.0,3772.0,9568.0,乐评盘点,蛋某人音乐,184.0,2026-07-13 10:00:00,2026-07-13,10,娱乐,26,工作日,早间(6-11)
海伦汀怎么用力都走不到你心里45.0,514926.0,9111.0,1079.58,160.0,757.0,929.0,1893.0,日常,花花攻子丶,66.0,2026-07-15 12:46:00,2026-07-15,12,生活,18,工作日,午间(12-17)
去新疆阿勒泰，来一次漫无目的的旅行,89261.0,10877.0,4377.0,2639.0,10505.0,1088.0,1575.0,出行,赖导AboutLai,4133.0,2026-07-16 18:05:00,2026-07-16,18,生活,17,工作日,晚间(18-23)
我的父亲 杀了我的父亲【完整版】,1891503.0,81566.0,36960.0,1013.0,10596.0,1193.0,1242.0,日常,向挽意_,814.0,2026-07-13 18:50:00,2026-07-13,18,生活,16,工作日,晚间(18-23)
世界杯半决赛阿根廷2比1英格兰赛后复盘，其实我脾气本来挺好的,469320.0,21078.0,2800.0,2297.0,4437.0,4208.0,3763.0,足球,战术睡衣,507.0,2026-07-16 08:56:00,2026-07-16,8,知识/资讯,30,工作日,早间(6-11)
挑战您说我像谁我就模仿谁！第五期！这期更是很难绷！,1975875.0,133982.0,6946.0,2071.0,9001.0,1472.0,1191.0,小剧场,李如儒也是李蠕蠕,173.0,2026-07-14 19:00:00,2026-07-14,19,动画/二次元,25,工作日,晚间(18-23)
假如印度翻拍《鬼灭之刃》,337399.0,8062.0,3430.0,398.0,2312.0,707.0,1617.0,影视剪辑,ByeByeBlueBerry,258.0,2026-07-15 18:00:00,2026-07-15,18,知识/资讯,12,工作日,晚间(18-23)
晚上厨师长下班后，在店里开小灶，没卖完的食材，偷偷做个晚餐，和牛岩石烧，鲍鱼佐鲍鱼肝酱，酒煮文蛤,363454.0,34893.0,2932.0,1395.0,1253.0,526.0,389.0,美食记录,张森的下班料理,1358.0,2026-07-16 17:05:00,2026-07-16,17,生活,48,工作日,午间(12-17)
⚡来杯好茶摇一摇，但是看图说话⚡,348967.0,42849.0,10993.0,258.0,1715.0,949.0,4187.0,人力VOCALOID,S-Venti,62.0,2026-07-15 22:07:00,2026-07-15,22,娱乐,16,工作日,晚间(18-23)
我是外卖员，把客户弄哭很合理吧,401742.0,45205.0,9213.0,4424.0,49417.0,1151.0,1868.0,美食侦探,盗月社食遇记,1333.0,2026-07-15 18:00:00,2026-07-15,18,生活,15,工作日,晚间(18-23)
动态视频｜世界上所有的钱，加起来有多少？,3312420.0,158372.0,14446.0,1330.0,5385.0,1488.0,1831.0,科学科普,亿点点不一样,139.0,2026-07-13 18:00:00,2026-07-13,18,知识/资讯,20,工作日,晚间(18-23)
今天不讲教学 想跟兄弟们聊聊,562552.0,88819.0,6991.0,359.0,39848.0,1893.0,496.0,手机游戏,QingYu轻语,184.0,2026-07-15 17:46:00,2026-07-15,17,游戏,14,工作日,午间(12-17)
娃娃机。。。不。。,209594.0,37552.0,6834.0,586.0,5784.0,1165.0,2045.0,绘画,红风嚼嚼嚼,70.0,2026-07-16 16:27:00,2026-07-16,16,生活,9,工作日,午间(12-17)
灵魂洗涤！女生翻唱超火藏风歌曲《难解》，一开口感觉今年都风调雨顺了~,846137.0,27789.0,14838.0,1107.0,14425.0,1572.0,2122.0,翻唱,咻咻满,253.0,2026-07-14 17:00:00,2026-07-14,17,娱乐,34,工作日,午间(12-17)
怀旧服冥火狐狸秒人，大司马这也太丝滑了，22杀吓哭现场观众,901053.0,11373.0,1394.0,1467.0,1971.0,2977.0,2189.0,电子竞技,艺术家阿克曼,375.0,2026-07-15 19:29:00,2026-07-15,19,游戏,29,工作日,晚间(18-23)
BW彩六的COSER真顶啊,449353.0,11023.0,5618.0,639.0,4098.0,303.0,125.0,网络游戏,国电武术馆馆长,472.0,2026-07-15 18:00:00,2026-07-15,18,游戏,13,工作日,晚间(18-23)
【时代少年团】《浅炸一下吧！》80：一起充能冲冲冲！,136870.0,8761.0,1907.0,12564.0,1840.0,495.0,158.0,明星综合,时代少年团,708.0,2026-07-16 18:00:00,2026-07-16,18,娱乐,26,工作日,晚间(18-23)
《一不小心变成黑魂蒙多了》,577984.0,49309.0,1540.0,711.0,16115.0,756.0,402.0,网络游戏,三桥qzg,620.0,2026-07-15 21:07:00,2026-07-15,21,游戏,13,工作日,晚间(18-23)
Bro有话说2,1752671.0,208908.0,30889.0,15554.0,79056.0,2563.0,27539.0,搞笑,阿哲什么都会,3683.0,2026-07-14 16:53:00,2026-07-14,16,娱乐,7,工作日,午间(12-17)
精 神 治 疗 录 像 带,601391.0,35885.0,6230.0,2434.0,2834.0,2733.0,4718.0,手机游戏,魔法Zc目录,7070.650000000004,2026-07-15 22:48:00,2026-07-15,22,游戏,13,工作日,晚间(18-23)
天上一日地上一年，也就是说。。。,659043.0,71677.0,9757.0,217.0,681.77,1530.0,7138.0,同人·手书,混吃等死小小猪,40.0,2026-07-16 08:30:00,2026-07-16,8,动画/二次元,16,工作日,早间(6-11)
【复制铜镜全系列合集】ai软件生成，剧情虚构，非官方）正片+番外+解说+彩蛋,6634006.760000001,278122.0,220579.0,9777.0,37536.0,2761.0,12203.0,特摄,强哥的小汤圆,3545.0,2026-07-13 08:44:00,2026-07-13,8,动画/二次元,38,工作日,早间(6-11)
《追上我命都给你哦》,1917879.0,79969.0,3603.0,910.0,2289.0,2350.0,587.0,网络游戏,尴尬的铁根er,272.0,2026-07-14 23:39:00,2026-07-14,23,游戏,10,工作日,晚间(18-23)
三角洲转盘挑战赛今日挑战者:5级头，嫂子护甲#三角洲 #三角洲行动,1650916.0,111075.0,109085.0,162.0,18746.0,76.0,68.0,网络游戏,猪玩,142.0,2026-07-14 14:59:00,2026-07-14,14,游戏,33,工作日,午间(12-17)
代入式观影丨Bin剑魔对线宙斯蒙多第一视角丨感受下Bin剑魔熟练度和游戏思路,546565.0,14716.0,3198.0,3864.0,5220.0,4948.0,10177.0,电子竞技,小明剑魔,1291.0,2026-07-15 20:49:00,2026-07-15,20,游戏,38,工作日,晚间(18-23)
我----问你为什么要折断奥特钥匙！大结局！（中）,2916432.0,279640.0,119705.0,41622.62000000002,259626.62000000008,21340.190000000017,22997.0,特摄,百火哥斯拉,329.0,2026-07-10 21:30:00,2026-07-10,21,动画/二次元,25,工作日,晚间(18-23)
【B站独家】阿根廷再进决赛！请继续撼动我们不服输的心脏！,101823.0,9391.0,1874.0,2655.0,7983.0,964.0,355.0,足球,派大星进球啦,1199.0,2026-07-16 16:32:00,2026-07-16,16,知识/资讯,28,工作日,午间(12-17)
露思直播亏钱学，鹿晗霸榜热搜夜，三代又再次暴击时尚界,681832.0,44230.0,5397.0,9435.0,9085.0,1453.0,3036.0,娱乐杂谈,接二连珊妄想症,804.0,2026-07-15 17:00:00,2026-07-15,17,娱乐,26,工作日,午间(12-17)
我放弃ASMR的原因,1463091.0,45950.0,6644.0,612.0,8550.0,1973.0,1016.0,美食测评,ONHWA_Official,523.0,2026-07-14 20:00:00,2026-07-14,20,生活,10,工作日,晚间(18-23)
“ 网 咖 四 区 兄 弟 ”,1391951.0,94517.0,19620.0,2146.0,9253.0,4277.0,8140.0,MAD·AMV,MJ小林大人嗷,231.0,2026-07-14 13:55:00,2026-07-14,13,动画/二次元,15,工作日,午间(12-17)
【群星】人类联邦第一个百年,2280947.0,99428.0,16652.0,513.0,1504.0,1505.0,1006.0,单机游戏,喵劳大,330.0,2026-07-13 23:07:00,2026-07-13,23,游戏,13,工作日,晚间(18-23)
BW一日约会VLOG~,644347.0,30282.0,7639.0,688.0,4261.0,335.0,881.0,搞笑,伢伢gagako,138.0,2026-07-15 18:11:00,2026-07-15,18,娱乐,11,工作日,晚间(18-23)
我在寝室制取佛跳墙,148198.0,15265.0,2743.0,867.0,1649.0,628.0,145.0,搞笑,Serin塞琳,260.0,2026-07-16 18:02:00,2026-07-16,18,娱乐,9,工作日,晚间(18-23)
快速上手160cm汉剑：据说这是曹操的身高,2177233.0,33424.0,15161.0,936.0,3118.0,1731.0,719.0,运动综合,剑-盛,608.0,2026-07-15 04:37:00,2026-07-15,4,知识/资讯,21,工作日,凌晨(0-5)
币战科研项目：姬七猫!6倍数值的隐藏装备？姬子启行的独特羁绊和超模数值重振反震荣光！,829109.0,54371.0,17259.0,1054.0,2373.0,2003.0,4938.0,手机游戏,田宫良子ol,661.0,2026-07-15 11:30:00,2026-07-15,11,游戏,42,工作日,早间(6-11)
【洛克王国：世界】S3赛季眠枭之星全收集/区域查漏按需观看！（持续更新中..）,154572.0,7619.74,12517.0,124.0,2649.0,365.0,1516.0,网络游戏,不知明名,2243.0,2026-07-16 13:38:00,2026-07-16,13,游戏,39,工作日,午间(12-17)
《时空中的绘旅人》夏日旅途版本「下一站，世界与你」PV首曝,1105541.0,12784.0,3129.0,488.0,3255.0,1930.0,989.0,手机游戏,时空中的绘旅人,170.0,2026-07-11 11:00:00,2026-07-11,11,游戏,29,周末,早间(6-11)
【货币战争攻略】A850竟是有史以来最简单的一个版本？末法时代三体人诸神黄昏！货币战争癫疯之作 上场千冶刃想要多少分自己填,926412.0,49109.0,11156.0,1544.0,3209.0,3675.0,2825.0,手机游戏,甘泽成谣雨成诗,588.0,2026-07-15 11:07:00,2026-07-15,11,游戏,61,工作日,早间(6-11)
